doc_id	paragraph_id	sentence_id	sentence	start	end	term_id	token_id	token	lemma	upos	xpos	feats	head_token_id	dep_rel	deps	misc
doc1	1	1	things	1	6	1	1	things	thing	NOUN	NNS	Number=Plur	0	root	NA	SpacesAfter=\n
doc2	1	1	oscar	1	5	1	1	oscar	oscar	ADJ	JJ	Degree=Pos	0	root	NA	SpacesAfter=\n
doc3	1	1	benefit	1	7	1	1	benefit	benefit	NOUN	NN	Number=Sing	0	root	NA	SpacesAfter=\n
doc4	1	1	drawing	1	7	1	1	drawing	drawe	VERB	VBG	VerbForm=Ger	0	root	NA	SpacesAfter=\n
doc5	1	1	cars	1	4	1	1	cars	cars	NOUN	NNS	Number=Plur	0	root	NA	SpacesAfter=\n
doc6	1	1	gangs	1	5	1	1	gangs	gang	NOUN	NNS	Number=Plur	0	root	NA	SpacesAfter=\n
doc7	1	1	makeup	1	6	1	1	makeup	makeup	NOUN	NN	Number=Sing	0	root	NA	SpacesAfter=\n
doc8	1	1	pets	1	4	1	1	pets	pets	NOUN	NNS	Number=Plur	0	root	NA	SpacesAfter=\n
doc9	1	1	people	1	6	1	1	people	people	NOUN	NNS	Number=Plur	0	root	NA	SpacesAfter=\n
doc10	1	1	soccer	1	6	1	1	soccer	soccer	NOUN	NN	Number=Sing	0	root	NA	SpacesAfter=\n
doc11	1	1	y'all	1	1	1	1	y	y	NOUN	NN	Number=Sing	2	compound	NA	SpaceAfter=No
doc11	1	1	y'all	2	5	2	2	'all	'all	NOUN	NN	Number=Sing	0	root	NA	SpacesAfter=\n
doc12	1	1	works	1	5	1	1	works	work	VERB	VBZ	Mood=Ind|Number=Sing|Person=3|Tense=Pres|VerbForm=Fin	0	root	NA	SpacesAfter=\n
doc13	1	1	violence	1	8	1	1	violence	violence	NOUN	NN	Number=Sing	0	root	NA	SpacesAfter=\n
doc14	1	1	video	1	5	1	1	video	video	NOUN	NN	Number=Sing	0	root	NA	SpacesAfter=\n
doc15	1	1	trade	1	5	1	1	trade	trade	NOUN	NN	Number=Sing	0	root	NA	SpacesAfter=\n
doc16	1	1	theno	1	5	1	1	theno	theno	INTJ	UH	NA	0	root	NA	SpacesAfter=\n
doc17	1	1	theater	1	7	1	1	theater	theater	NOUN	NN	Number=Sing	0	root	NA	SpacesAfter=\n
doc18	1	1	taxes	1	5	1	1	taxes	tax	NOUN	NNS	Number=Plur	0	root	NA	SpacesAfter=\n
doc19	1	1	student	1	7	1	1	student	student	NOUN	NN	Number=Sing	0	root	NA	SpacesAfter=\n
doc20	1	1	sports	1	6	1	1	sports	sport	NOUN	NNS	Number=Plur	0	root	NA	SpacesAfter=\n
doc21	1	1	skin	1	4	1	1	skin	skin	NOUN	NN	Number=Sing	0	root	NA	SpacesAfter=\n
doc22	1	1	shoe	1	4	1	1	shoe	shoe	NOUN	NN	Number=Sing	0	root	NA	SpacesAfter=\n
doc23	1	1	sheep	1	5	1	1	sheep	sheep	NOUN	NNS	Number=Plur	0	root	NA	SpacesAfter=\n
doc24	1	1	security	1	8	1	1	security	security	NOUN	NN	Number=Sing	0	root	NA	SpacesAfter=\n
doc25	1	1	salad	1	5	1	1	salad	salad	NOUN	NN	Number=Sing	0	root	NA	SpacesAfter=\n
doc26	1	1	rice	1	4	1	1	rice	rice	NOUN	NN	Number=Sing	0	root	NA	SpacesAfter=\n
doc27	1	1	property	1	8	1	1	property	property	NOUN	NN	Number=Sing	0	root	NA	SpacesAfter=\n
doc28	1	1	product	1	7	1	1	product	product	NOUN	NN	Number=Sing	0	root	NA	SpacesAfter=\n
doc29	1	1	president	1	9	1	1	president	president	PROPN	NNP	Number=Sing	0	root	NA	SpacesAfter=\n
doc30	1	1	plaid	1	5	1	1	plaid	play	AUX	VBD	Mood=Ind|Tense=Past|VerbForm=Fin	0	root	NA	SpacesAfter=\n
doc31	1	1	piracy	1	6	1	1	piracy	piracy	NOUN	NN	Number=Sing	0	root	NA	SpacesAfter=\n
doc32	1	1	phone	1	5	1	1	phone	phone	NOUN	NN	Number=Sing	0	root	NA	SpacesAfter=\n
doc33	1	1	paint	1	5	1	1	paint	paint	VERB	VB	Mood=Imp|VerbForm=Fin	0	root	NA	SpacesAfter=\n
doc34	1	1	beard	1	5	1	1	beard	beard	NOUN	NN	Number=Sing	0	root	NA	SpacesAfter=\n
doc35	1	1	agents	1	6	1	1	agents	agent	NOUN	NNS	Number=Plur	0	root	NA	SpacesAfter=\n
doc36	1	1	kellerman	1	9	1	1	kellerman	kellerman	NOUN	NN	Number=Sing	0	root	NA	SpacesAfter=\n
doc37	1	1	it	1	2	1	1	it	it	PRON	PRP	Case=Nom|Gender=Neut|Number=Sing|Person=3|PronType=Prs	0	root	NA	SpacesAfter=\n
doc38	1	1	issues	1	6	1	1	issues	issue	NOUN	NNS	Number=Plur	0	root	NA	SpacesAfter=\n
doc39	1	1	ice	1	3	1	1	ice	ice	NOUN	NN	Number=Sing	0	root	NA	SpacesAfter=\n
doc40	1	1	opera	1	5	1	1	opera	opera	NOUN	NN	Number=Sing	0	root	NA	SpacesAfter=\n
doc41	1	1	nothin	1	6	1	1	nothin	nothin	INTJ	UH	NA	0	root	NA	SpacesAfter=\n
doc42	1	1	night	1	5	1	1	night	night	NOUN	NN	Number=Sing	0	root	NA	SpacesAfter=\n
doc43	1	1	music	1	5	1	1	music	music	NOUN	NN	Number=Sing	0	root	NA	SpacesAfter=\n
doc44	1	1	muse	1	4	1	1	muse	muse	NOUN	NN	Number=Sing	0	root	NA	SpacesAfter=\n
doc45	1	1	money	1	5	1	1	money	money	NOUN	NN	Number=Sing	0	root	NA	SpacesAfter=\n
doc46	1	1	mobile	1	6	1	1	mobile	mobile	ADJ	JJ	Degree=Pos	0	root	NA	SpacesAfter=\n
doc47	1	1	miss	1	4	1	1	miss	miss	NOUN	NN	Number=Sing	0	root	NA	SpacesAfter=\n
doc48	1	1	football	1	8	1	1	football	football	NOUN	NN	Number=Sing	0	root	NA	SpacesAfter=\n
doc49	1	1	food	1	4	1	1	food	food	NOUN	NN	Number=Sing	0	root	NA	SpacesAfter=\n
doc50	1	1	fall	1	4	1	1	fall	fall	NOUN	NN	Number=Sing	0	root	NA	SpacesAfter=\n
doc51	1	1	electricity	1	11	1	1	electricity	electricity	NOUN	NN	Number=Sing	0	root	NA	SpacesAfter=\n
doc52	1	1	candy	1	5	1	1	candy	candy	NOUN	NN	Number=Sing	0	root	NA	SpacesAfter=\n
doc53	1	1	brows	1	5	1	1	brows	brows	NOUN	NNS	Number=Plur	0	root	NA	SpacesAfter=\n
doc54	1	1	bro	1	3	1	1	bro	bro	NOUN	NN	Number=Sing	0	root	NA	SpacesAfter=\n
doc55	1	1	dragons	1	7	1	1	dragons	dragon	NOUN	NNS	Number=Plur	0	root	NA	SpacesAfter=\n
doc56	1	1	discussion	1	10	1	1	discussion	discussion	NOUN	NN	Number=Sing	0	root	NA	SpacesAfter=\n
doc57	1	1	dashes	1	6	1	1	dashes	dash	NOUN	NNS	Number=Plur	0	root	NA	SpacesAfter=\n
doc58	1	1	dashboard	1	9	1	1	dashboard	dashboard	NOUN	NN	Number=Sing	0	root	NA	SpacesAfter=\n
doc59	1	1	cycling	1	7	1	1	cycling	cycle	NOUN	NN	Number=Sing	0	root	NA	SpacesAfter=\n
doc60	1	1	crowd	1	5	1	1	crowd	crowd	NOUN	NN	Number=Sing	0	root	NA	SpacesAfter=\n
doc61	1	1	children	1	8	1	1	children	child	NOUN	NNS	Number=Plur	0	root	NA	SpacesAfter=\n
doc62	1	1	me	1	2	1	1	me	I	PRON	PRP	Case=Acc|Number=Sing|Person=1|PronType=Prs	0	root	NA	SpacesAfter=\n
doc63	1	1	people	1	6	1	1	people	people	NOUN	NNS	Number=Plur	0	root	NA	SpacesAfter=\n
doc64	1	1	dad	1	3	1	1	dad	dad	NOUN	NN	Number=Sing	0	root	NA	SpacesAfter=\n
doc65	1	1	daddy	1	5	1	1	daddy	daddy	NOUN	NN	Number=Sing	0	root	NA	SpacesAfter=\n
doc66	1	1	president	1	9	1	1	president	president	PROPN	NNP	Number=Sing	0	root	NA	SpacesAfter=\n
doc67	1	1	mom	1	3	1	1	mom	mom	X	ADD	NA	0	root	NA	SpacesAfter=\n
doc68	1	1	congress	1	8	1	1	congress	congress	NOUN	NN	Number=Sing	0	root	NA	SpacesAfter=\n
doc69	1	1	mommy	1	5	1	1	mommy	mommy	NOUN	NN	Number=Sing	0	root	NA	SpacesAfter=\n
doc70	1	1	life	1	4	1	1	life	life	NOUN	NN	Number=Sing	0	root	NA	SpacesAfter=\n
doc71	1	1	us	1	2	1	1	us	we	PRON	PRP	Case=Acc|Number=Plur|Person=1|PronType=Prs	0	root	NA	SpacesAfter=\n
doc72	1	1	dr	1	2	1	1	dr	dr	NOUN	NN	Number=Sing	0	root	NA	SpacesAfter=\n
doc73	1	1	baseball	1	8	1	1	baseball	baseball	NOUN	NN	Number=Sing	0	root	NA	SpacesAfter=\n
doc74	1	1	politicians	1	11	1	1	politicians	politician	NOUN	NNS	Number=Plur	0	root	NA	SpacesAfter=\n
doc75	1	1	republicans	1	11	1	1	republicans	republican	NOUN	NNS	Number=Plur	0	root	NA	SpacesAfter=\n
doc76	1	1	apple	1	5	1	1	apple	apple	NOUN	NN	Number=Sing	0	root	NA	SpacesAfter=\n
doc77	1	1	businessmen	1	11	1	1	businessmen	businessman	NOUN	NN	Number=Sing	0	root	NA	SpacesAfter=\n
doc78	1	1	chait	1	5	1	1	chait	chait	NOUN	NN	Number=Sing	0	root	NA	SpacesAfter=\n
doc79	1	1	chris	1	5	1	1	chris	chris	NOUN	NNS	Number=Plur	0	root	NA	SpacesAfter=\n
doc80	1	1	chef	1	4	1	1	chef	chef	VERB	VB	Mood=Imp|VerbForm=Fin	0	root	NA	SpacesAfter=\n
doc81	1	1	girls	1	5	1	1	girls	girl	NOUN	NNS	Number=Plur	0	root	NA	SpacesAfter=\n
doc82	1	1	gangsta	1	7	1	1	gangsta	gangsta	NOUN	NN	Number=Sing	0	root	NA	SpacesAfter=\n
doc83	1	1	humans	1	6	1	1	humans	human	NOUN	NNS	Number=Plur	0	root	NA	SpacesAfter=\n
doc84	1	1	house	1	5	1	1	house	house	NOUN	NN	Number=Sing	0	root	NA	SpacesAfter=\n
doc85	1	1	liberals	1	8	1	1	liberals	liberal	NOUN	NNS	Number=Plur	0	root	NA	SpacesAfter=\n
doc86	1	1	aaliyah	1	7	1	1	aaliyah	aaliyah	INTJ	UH	NA	0	root	NA	SpacesAfter=\n
doc87	1	1	men	1	3	1	1	men	men	NOUN	NNS	Number=Plur	0	root	NA	SpacesAfter=\n
doc88	1	1	m	1	1	1	1	m	m	NOUN	NN	Number=Sing	0	root	NA	SpacesAfter=\n
doc89	1	1	radio	1	5	1	1	radio	radio	NOUN	NN	Number=Sing	0	root	NA	SpacesAfter=\n
doc90	1	1	spike	1	5	1	1	spike	spike	NOUN	NN	Number=Sing	0	root	NA	SpacesAfter=\n
doc91	1	1	sports	1	6	1	1	sports	sport	NOUN	NNS	Number=Plur	0	root	NA	SpacesAfter=\n
doc92	1	1	them	1	4	1	1	them	they	PRON	PRP	Case=Acc|Number=Plur|Person=3|PronType=Prs	0	root	NA	SpacesAfter=\n
doc93	1	1	things	1	6	1	1	things	thing	NOUN	NNS	Number=Plur	0	root	NA	SpacesAfter=\n
doc94	1	1	women	1	5	1	1	women	woman	NOUN	NNS	Number=Plur	0	root	NA	SpacesAfter=\n
doc95	1	1	you	1	3	1	1	you	you	PRON	PRP	Case=Nom|Person=2|PronType=Prs	0	root	NA	SpacesAfter=\n
doc96	1	1	mongul	1	6	1	1	mongul	mongul	INTJ	UH	NA	0	root	NA	SpacesAfter=\n
doc97	1	1	momma	1	5	1	1	momma	momma	NOUN	NN	Number=Sing	0	root	NA	SpacesAfter=\n
doc98	1	1	mister	1	6	1	1	mister	mister	NOUN	NN	Number=Sing	0	root	NA	SpacesAfter=\n
doc99	1	1	methe	1	5	1	1	methe	methey	NOUN	NN	Number=Sing	0	root	NA	SpacesAfter=\n
doc100	1	1	melody	1	6	1	1	melody	melody	NOUN	NN	Number=Sing	0	root	NA	SpacesAfter=\n
doc101	1	1	mei	1	3	1	1	mei	mei	X	ADD	NA	0	root	NA	SpacesAfter=\n
doc102	1	1	mebecause	1	9	1	1	mebecause	mebecause	NOUN	NN	Number=Sing	0	root	NA	SpacesAfter=\n
doc103	1	1	me'cause	1	8	1	1	me'cause	me'cause	NOUN	NN	Number=Sing	0	root	NA	SpacesAfter=\n
doc104	1	1	mama	1	4	1	1	mama	mama	NOUN	NN	Number=Sing	0	root	NA	SpacesAfter=\n
doc105	1	1	magazines	1	9	1	1	magazines	magazine	NOUN	NNS	Number=Plur	0	root	NA	SpacesAfter=\n
doc106	1	1	lance	1	5	1	1	lance	lance	NOUN	NN	Number=Sing	0	root	NA	SpacesAfter=\n
doc107	1	1	lady	1	4	1	1	lady	lady	NOUN	NN	Number=Sing	0	root	NA	SpacesAfter=\n
doc108	1	1	king	1	4	1	1	king	king	NOUN	NN	Number=Sing	0	root	NA	SpacesAfter=\n
doc109	1	1	kat	1	3	1	1	kat	kat	NOUN	NN	Number=Sing	0	root	NA	SpacesAfter=\n
doc110	1	1	justin	1	6	1	1	justin	justin	ADV	RB	NA	0	root	NA	SpacesAfter=\n
doc111	1	1	juice	1	5	1	1	juice	juice	NOUN	NN	Number=Sing	0	root	NA	SpacesAfter=\n
doc112	1	1	journalism	1	10	1	1	journalism	journalism	NOUN	NN	Number=Sing	0	root	NA	SpacesAfter=\n
doc113	1	1	jews	1	4	1	1	jews	jew	NOUN	NNS	Number=Plur	0	root	NA	SpacesAfter=\n
doc114	1	1	jesse	1	5	1	1	jesse	jesse	NOUN	NN	Number=Sing	0	root	NA	SpacesAfter=\n
doc115	1	1	italians	1	8	1	1	italians	italians	NOUN	NNS	Number=Plur	0	root	NA	SpacesAfter=\n
doc116	1	1	intruders	1	9	1	1	intruders	intruder	NOUN	NNS	Number=Plur	0	root	NA	SpacesAfter=\n
doc117	1	1	inequality	1	10	1	1	inequality	inequality	NOUN	NN	Number=Sing	0	root	NA	SpacesAfter=\n
doc118	1	1	incumbents	1	10	1	1	incumbents	incumbent	NOUN	NNS	Number=Plur	0	root	NA	SpacesAfter=\n
doc119	1	1	idiots	1	6	1	1	idiots	idiot	NOUN	NNS	Number=Plur	0	root	NA	SpacesAfter=\n
doc120	1	1	hunseu	1	6	1	1	hunseu	hunseu	X	ADD	NA	0	root	NA	SpacesAfter=\n
doc121	1	1	himhe	1	5	1	1	himhe	himhe	PRON	PRP	Case=Nom|Gender=Masc|Number=Sing|Person=3|PronType=Prs	0	root	NA	SpacesAfter=\n
doc122	1	1	him	1	3	1	1	him	he	PRON	PRP	Case=Acc|Gender=Masc|Number=Sing|Person=3|PronType=Prs	0	root	NA	SpacesAfter=\n
doc123	1	1	herwith	1	7	1	1	herwith	herwith	NOUN	NN	Number=Sing	0	root	NA	SpacesAfter=\n
doc124	1	1	her.you	1	7	1	1	her.you	her.you	NOUN	NN	Number=Sing	0	root	NA	SpacesAfter=\n
doc125	1	1	hell	1	4	1	1	hell	hell	NOUN	NN	Number=Sing	0	root	NA	SpacesAfter=\n
doc126	1	1	hamoui	1	6	1	1	hamoui	hamoui	INTJ	UH	NA	0	root	NA	SpacesAfter=\n
doc127	1	1	guys	1	4	1	1	guys	guy	NOUN	NNS	Number=Plur	0	root	NA	SpacesAfter=\n
doc128	1	1	grothe	1	6	1	1	grothe	groto	NOUN	NN	Number=Sing	0	root	NA	SpacesAfter=\n
doc129	1	1	granny	1	6	1	1	granny	granny	NOUN	NN	Number=Sing	0	root	NA	SpacesAfter=\n
doc130	1	1	grace	1	5	1	1	grace	grace	PROPN	NNP	Number=Sing	0	root	NA	SpacesAfter=\n
doc131	1	1	government	1	10	1	1	government	government	NOUN	NN	Number=Sing	0	root	NA	SpacesAfter=\n
doc132	1	1	google	1	6	1	1	google	google	PROPN	NNP	Number=Sing	0	root	NA	SpacesAfter=\n
doc133	1	1	glorette	1	8	1	1	glorette	glorette	NOUN	NN	Number=Sing	0	root	NA	SpacesAfter=\n
doc134	1	1	friends	1	7	1	1	friends	friend	NOUN	NNS	Number=Plur	0	root	NA	SpacesAfter=\n
doc135	1	1	food	1	4	1	1	food	food	NOUN	NN	Number=Sing	0	root	NA	SpacesAfter=\n
doc136	1	1	folk	1	4	1	1	folk	folk	VERB	VB	Mood=Imp|VerbForm=Fin	0	root	NA	SpacesAfter=\n
doc137	1	1	finn	1	4	1	1	finn	finn	NOUN	NN	Number=Sing	0	root	NA	SpacesAfter=\n
doc138	1	1	fern	1	4	1	1	fern	fern	ADJ	JJ	Degree=Pos	0	root	NA	SpacesAfter=\n
doc139	1	1	father	1	6	1	1	father	father	NOUN	NN	Number=Sing	0	root	NA	SpacesAfter=\n
doc140	1	1	epd	1	3	1	1	epd	epd	NOUN	NN	Number=Sing	0	root	NA	SpacesAfter=\n
doc141	1	1	eagle	1	5	1	1	eagle	eagle	NOUN	NN	Number=Sing	0	root	NA	SpacesAfter=\n
doc142	1	1	drake	1	5	1	1	drake	drake	NOUN	NN	Number=Sing	0	root	NA	SpacesAfter=\n
doc143	1	1	disco	1	5	1	1	disco	disco	NOUN	NN	Number=Sing	0	root	NA	SpacesAfter=\n
doc144	1	1	dicks	1	5	1	1	dicks	dicks	NOUN	NNS	Number=Plur	0	root	NA	SpacesAfter=\n
doc145	1	1	diabetes	1	8	1	1	diabetes	diabete	NOUN	NNS	Number=Plur	0	root	NA	SpacesAfter=\n
doc146	1	1	democrats	1	9	1	1	democrats	democrat	NOUN	NNS	Number=Plur	0	root	NA	SpacesAfter=\n
doc147	1	1	deacon	1	6	1	1	deacon	deacon	NOUN	NN	Number=Sing	0	root	NA	SpacesAfter=\n
doc148	1	1	critics	1	7	1	1	critics	critic	NOUN	NNS	Number=Plur	0	root	NA	SpacesAfter=\n
doc149	1	1	cowboys	1	7	1	1	cowboys	cowboy	NOUN	NNS	Number=Plur	0	root	NA	SpacesAfter=\n
doc150	1	1	cousin	1	6	1	1	cousin	cousin	NOUN	NN	Number=Sing	0	root	NA	SpacesAfter=\n
doc151	1	1	coach	1	5	1	1	coach	coach	NOUN	NN	Number=Sing	0	root	NA	SpacesAfter=\n
doc152	1	1	clara	1	5	1	1	clara	clara	NOUN	NN	Number=Sing	0	root	NA	SpacesAfter=\n
doc153	1	1	chase	1	5	1	1	chase	chase	NOUN	NN	Number=Sing	0	root	NA	SpacesAfter=\n
doc154	1	1	cha	1	3	1	1	cha	cha	NOUN	NN	Number=Sing	0	root	NA	SpacesAfter=\n
doc155	1	1	celebrities	1	11	1	1	celebrities	celebrity	NOUN	NNS	Number=Plur	0	root	NA	SpacesAfter=\n
doc156	1	1	cat	1	3	1	1	cat	cat	NOUN	NN	Number=Sing	0	root	NA	SpacesAfter=\n
doc157	1	1	capitalism	1	10	1	1	capitalism	capitalism	NOUN	NN	Number=Sing	0	root	NA	SpacesAfter=\n
doc158	1	1	cable	1	5	1	1	cable	cable	ADJ	JJ	Degree=Pos	0	root	NA	SpacesAfter=\n
doc159	1	1	bureaucrats	1	11	1	1	bureaucrats	bureaucrat	NOUN	NNS	Number=Plur	0	root	NA	SpacesAfter=\n
doc160	1	1	bureacrats	1	10	1	1	bureacrats	bureacrat	NOUN	NNS	Number=Plur	0	root	NA	SpacesAfter=\n
doc161	1	1	bugs	1	4	1	1	bugs	bug	NOUN	NNS	Number=Plur	0	root	NA	SpacesAfter=\n
doc162	1	1	things	1	6	1	1	things	thing	NOUN	NNS	Number=Plur	0	root	NA	SpacesAfter=\n
doc163	1	1	time	1	4	1	1	time	time	NOUN	NN	Number=Sing	0	root	NA	SpacesAfter=\n
doc164	1	1	grief	1	5	1	1	grief	grief	NOUN	NN	Number=Sing	0	root	NA	SpacesAfter=\n
doc165	1	1	power	1	5	1	1	power	power	NOUN	NN	Number=Sing	0	root	NA	SpacesAfter=\n
doc166	1	1	fear	1	4	1	1	fear	fear	NOUN	NN	Number=Sing	0	root	NA	SpacesAfter=\n
doc167	1	1	joy	1	3	1	1	joy	joy	NOUN	NN	Number=Sing	0	root	NA	SpacesAfter=\n
doc168	1	1	jealousy	1	8	1	1	jealousy	jealousy	INTJ	UH	NA	0	root	NA	SpacesAfter=\n
doc169	1	1	rage	1	4	1	1	rage	rage	NOUN	NN	Number=Sing	0	root	NA	SpacesAfter=\n
doc170	1	1	love	1	4	1	1	love	love	NOUN	NN	Number=Sing	0	root	NA	SpacesAfter=\n
doc171	1	1	excitement	1	10	1	1	excitement	excitement	NOUN	NN	Number=Sing	0	root	NA	SpacesAfter=\n
doc172	1	1	desire	1	6	1	1	desire	desire	NOUN	NN	Number=Sing	0	root	NA	SpacesAfter=\n
doc173	1	1	boredom	1	7	1	1	boredom	boredom	X	ADD	NA	0	root	NA	SpacesAfter=\n
doc174	1	1	hunger	1	6	1	1	hunger	hunger	NOUN	NN	Number=Sing	0	root	NA	SpacesAfter=\n
doc175	1	1	pain	1	4	1	1	pain	pain	NOUN	NN	Number=Sing	0	root	NA	SpacesAfter=\n
doc176	1	1	thirst	1	6	1	1	thirst	thirst	ADJ	JJS	Degree=Sup	0	root	NA	SpacesAfter=\n
doc177	1	1	pleasure	1	8	1	1	pleasure	pleasure	NOUN	NN	Number=Sing	0	root	NA	SpacesAfter=\n
doc178	1	1	hatred	1	6	1	1	hatred	hatre	VERB	VBD	Mood=Ind|Tense=Past|VerbForm=Fin	0	root	NA	SpacesAfter=\n
doc179	1	1	fever	1	5	1	1	fever	fever	NOUN	NN	Number=Sing	0	root	NA	SpacesAfter=\n
doc180	1	1	blood	1	5	1	1	blood	blood	NOUN	NN	Number=Sing	0	root	NA	SpacesAfter=\n
doc181	1	1	delight	1	7	1	1	delight	delight	NOUN	NN	Number=Sing	0	root	NA	SpacesAfter=\n
doc182	1	1	frustration	1	11	1	1	frustration	frustration	NOUN	NN	Number=Sing	0	root	NA	SpacesAfter=\n
doc183	1	1	guilt	1	5	1	1	guilt	guilt	NOUN	NN	Number=Sing	0	root	NA	SpacesAfter=\n
doc184	1	1	greed	1	5	1	1	greed	greed	VERB	VBD	Mood=Ind|Tense=Past|VerbForm=Fin	0	root	NA	SpacesAfter=\n
doc185	1	1	hate	1	4	1	1	hate	hate	NOUN	NN	Number=Sing	0	root	NA	SpacesAfter=\n
doc186	1	1	passion	1	7	1	1	passion	passion	NOUN	NN	Number=Sing	0	root	NA	SpacesAfter=\n
doc187	1	1	misery	1	6	1	1	misery	misery	NOUN	NN	Number=Sing	0	root	NA	SpacesAfter=\n
doc188	1	1	lust	1	4	1	1	lust	lust	ADJ	JJS	Degree=Sup	0	root	NA	SpacesAfter=\n
doc189	1	1	stress	1	6	1	1	stress	stress	NOUN	NN	Number=Sing	0	root	NA	SpacesAfter=\n
doc190	1	1	worry	1	5	1	1	worry	worry	INTJ	UH	NA	0	root	NA	SpacesAfter=\n
doc191	1	1	loneliness	1	10	1	1	loneliness	loneliness	NOUN	NN	Number=Sing	0	root	NA	SpacesAfter=\n
doc192	1	1	zero	1	4	1	1	zero	zero	NOUN	NN	Number=Sing	0	root	NA	SpacesAfter=\n
doc193	1	1	whales	1	6	1	1	whales	whale	NOUN	NNS	Number=Plur	0	root	NA	SpacesAfter=\n
doc194	1	1	vanity	1	6	1	1	vanity	vanity	NOUN	NN	Number=Sing	0	root	NA	SpacesAfter=\n
doc195	1	1	torment	1	7	1	1	torment	torment	NOUN	NN	Number=Sing	0	root	NA	SpacesAfter=\n
doc196	1	1	terror	1	6	1	1	terror	terror	NOUN	NN	Number=Sing	0	root	NA	SpacesAfter=\n
doc197	1	1	territory	1	9	1	1	territory	territory	NOUN	NN	Number=Sing	0	root	NA	SpacesAfter=\n
doc198	1	1	tenderness	1	10	1	1	tenderness	tenderness	NOUN	NN	Number=Sing	0	root	NA	SpacesAfter=\n
doc199	1	1	talk	1	4	1	1	talk	talk	VERB	VB	VerbForm=Inf	0	root	NA	SpacesAfter=\n
doc200	1	1	talent	1	6	1	1	talent	talent	NOUN	NN	Number=Sing	0	root	NA	SpacesAfter=\n
doc201	1	1	strawberries	1	12	1	1	strawberries	strawberry	NOUN	NNS	Number=Plur	0	root	NA	SpacesAfter=\n
doc202	1	1	sound	1	5	1	1	sound	sound	VERB	VB	VerbForm=Inf	0	root	NA	SpacesAfter=\n
doc203	1	1	quarterback	1	11	1	1	quarterback	quarterback	NOUN	NN	Number=Sing	0	root	NA	SpacesAfter=\n
doc204	1	1	progressives	1	12	1	1	progressives	progressive	NOUN	NNS	Number=Plur	0	root	NA	SpacesAfter=\n
doc205	1	1	pride	1	5	1	1	pride	pride	NOUN	NN	Number=Sing	0	root	NA	SpacesAfter=\n
doc206	1	1	panic	1	5	1	1	panic	panic	NOUN	NN	Number=Sing	0	root	NA	SpacesAfter=\n
doc207	1	1	offense	1	7	1	1	offense	offense	NOUN	NN	Number=Sing	0	root	NA	SpacesAfter=\n
doc208	1	1	mrs	1	3	1	1	mrs	mr	NOUN	NNS	Number=Plur	0	root	NA	SpacesAfter=\n
doc209	1	1	money	1	5	1	1	money	money	NOUN	NN	Number=Sing	0	root	NA	SpacesAfter=\n
doc210	1	1	misgivings	1	10	1	1	misgivings	misgiving	NOUN	NNS	Number=Plur	0	root	NA	SpacesAfter=\n
doc211	1	1	longing	1	7	1	1	longing	longe	VERB	VBG	VerbForm=Ger	0	root	NA	SpacesAfter=\n
doc212	1	1	impatience	1	10	1	1	impatience	impatience	NOUN	NN	Number=Sing	0	root	NA	SpacesAfter=\n
doc213	1	1	horror	1	6	1	1	horror	horror	NOUN	NN	Number=Sing	0	root	NA	SpacesAfter=\n
doc214	1	1	homework	1	8	1	1	homework	homework	NOUN	NN	Number=Sing	0	root	NA	SpacesAfter=\n
doc215	1	1	happiness	1	9	1	1	happiness	happiness	NOUN	NN	Number=Sing	0	root	NA	SpacesAfter=\n
doc216	1	1	glee	1	4	1	1	glee	glee	NOUN	NN	Number=Sing	0	root	NA	SpacesAfter=\n
doc217	1	1	fright	1	6	1	1	fright	fright	ADJ	JJ	Degree=Pos	0	root	NA	SpacesAfter=\n
doc218	1	1	depression	1	10	1	1	depression	depression	NOUN	NN	Number=Sing	0	root	NA	SpacesAfter=\n
doc219	1	1	delirium	1	8	1	1	delirium	delirium	NOUN	NN	Number=Sing	0	root	NA	SpacesAfter=\n
doc220	1	1	envy	1	4	1	1	envy	envy	NOUN	NN	Number=Sing	0	root	NA	SpacesAfter=\n
doc221	1	1	dream	1	5	1	1	dream	dream	NOUN	NN	Number=Sing	0	root	NA	SpacesAfter=\n
doc222	1	1	doubts	1	6	1	1	doubts	doubt	NOUN	NNS	Number=Plur	0	root	NA	SpacesAfter=\n
doc223	1	1	disbelief	1	9	1	1	disbelief	disbelief	NOUN	NN	Number=Sing	0	root	NA	SpacesAfter=\n
doc224	1	1	despair	1	7	1	1	despair	despair	NOUN	NN	Number=Sing	0	root	NA	SpacesAfter=\n
doc225	1	1	defeat	1	6	1	1	defeat	defeat	NOUN	NN	Number=Sing	0	root	NA	SpacesAfter=\n
doc226	1	1	dance	1	5	1	1	dance	dance	NOUN	NN	Number=Sing	0	root	NA	SpacesAfter=\n
doc227	1	1	cravings	1	8	1	1	cravings	craving	NOUN	NNS	Number=Plur	0	root	NA	SpacesAfter=\n
doc228	1	1	conquest	1	8	1	1	conquest	conquest	NOUN	NN	Number=Sing	0	root	NA	SpacesAfter=\n
doc229	1	1	concentration	1	13	1	1	concentration	concentration	NOUN	NN	Number=Sing	0	root	NA	SpacesAfter=\n
doc230	1	1	compassion	1	10	1	1	compassion	compassion	NOUN	NN	Number=Sing	0	root	NA	SpacesAfter=\n
doc231	1	1	cobalt	1	6	1	1	cobalt	cobalt	NOUN	NN	Number=Sing	0	root	NA	SpacesAfter=\n
doc232	1	1	battle	1	6	1	1	battle	battle	NOUN	NN	Number=Sing	0	root	NA	SpacesAfter=\n
doc233	1	1	anxiety	1	7	1	1	anxiety	anxiety	NOUN	NN	Number=Sing	0	root	NA	SpacesAfter=\n
doc234	1	1	anger	1	5	1	1	anger	anger	NOUN	NN	Number=Sing	0	root	NA	SpacesAfter=\n
doc235	1	1	ambition	1	8	1	1	ambition	ambition	NOUN	NN	Number=Sing	0	root	NA	SpacesAfter=\n
doc236	1	1	age	1	3	1	1	age	age	NOUN	NN	Number=Sing	0	root	NA	SpacesAfter=\n
doc237	1	1	adrenaline	1	10	1	1	adrenaline	adrenaline	NOUN	NN	Number=Sing	0	root	NA	SpacesAfter=\n
doc238	1	1	things	1	6	1	1	things	thing	NOUN	NNS	Number=Plur	0	root	NA	SpacesAfter=\n
doc239	1	1	taxes	1	5	1	1	taxes	tax	NOUN	NNS	Number=Plur	0	root	NA	SpacesAfter=\n
doc240	1	1	stuff	1	5	1	1	stuff	stuff	NOUN	NN	Number=Sing	0	root	NA	SpacesAfter=\n
doc241	1	1	president	1	9	1	1	president	president	PROPN	NNP	Number=Sing	0	root	NA	SpacesAfter=\n
doc242	1	1	politics	1	8	1	1	politics	politics	NOUN	NNS	Number=Plur	0	root	NA	SpacesAfter=\n
doc243	1	1	government	1	10	1	1	government	government	NOUN	NN	Number=Sing	0	root	NA	SpacesAfter=\n
doc244	1	1	drugs	1	5	1	1	drugs	drug	NOUN	NNS	Number=Plur	0	root	NA	SpacesAfter=\n
doc245	1	1	executive	1	9	1	1	executive	executive	ADJ	JJ	Degree=Pos	0	root	NA	SpacesAfter=\n
doc246	1	1	health	1	6	1	1	health	health	NOUN	NN	Number=Sing	0	root	NA	SpacesAfter=\n
doc247	1	1	men	1	3	1	1	men	men	NOUN	NNS	Number=Plur	0	root	NA	SpacesAfter=\n
doc248	1	1	politicians	1	11	1	1	politicians	politician	NOUN	NNS	Number=Plur	0	root	NA	SpacesAfter=\n
doc249	1	1	reports	1	7	1	1	reports	report	NOUN	NNS	Number=Plur	0	root	NA	SpacesAfter=\n
doc250	1	1	injustice	1	9	1	1	injustice	injustice	NOUN	NN	Number=Sing	0	root	NA	SpacesAfter=\n
doc251	1	1	world	1	5	1	1	world	world	NOUN	NN	Number=Sing	0	root	NA	SpacesAfter=\n
doc252	1	1	work	1	4	1	1	work	work	NOUN	NN	Number=Sing	0	root	NA	SpacesAfter=\n
doc253	1	1	will	1	4	1	1	will	will	AUX	MD	VerbForm=Fin	0	root	NA	SpacesAfter=\n
doc254	1	1	wait	1	4	1	1	wait	wait	VERB	VB	Mood=Imp|VerbForm=Fin	0	root	NA	SpacesAfter=\n
doc255	1	1	vaccines	1	8	1	1	vaccines	vaccine	NOUN	NNS	Number=Plur	0	root	NA	SpacesAfter=\n
doc256	1	1	trump	1	5	1	1	trump	trump	NOUN	NN	Number=Sing	0	root	NA	SpacesAfter=\n
doc257	1	1	testimony	1	9	1	1	testimony	testimony	NOUN	NN	Number=Sing	0	root	NA	SpacesAfter=\n
doc258	1	1	immigration	1	11	1	1	immigration	immigration	NOUN	NN	Number=Sing	0	root	NA	SpacesAfter=\n
doc259	1	1	immigrants	1	10	1	1	immigrants	immigrant	NOUN	NNS	Number=Plur	0	root	NA	SpacesAfter=\n
doc260	1	1	taxation	1	8	1	1	taxation	taxation	NOUN	NN	Number=Sing	0	root	NA	SpacesAfter=\n
doc261	1	1	surprise	1	8	1	1	surprise	surprise	NOUN	NN	Number=Sing	0	root	NA	SpacesAfter=\n
doc262	1	1	suggestions	1	11	1	1	suggestions	suggestion	NOUN	NNS	Number=Plur	0	root	NA	SpacesAfter=\n
doc263	1	1	stories	1	7	1	1	stories	story	NOUN	NNS	Number=Plur	0	root	NA	SpacesAfter=\n
doc264	1	1	statistics	1	10	1	1	statistics	statistic	NOUN	NNS	Number=Plur	0	root	NA	SpacesAfter=\n
doc265	1	1	sex	1	3	1	1	sex	sex	NOUN	NN	Number=Sing	0	root	NA	SpacesAfter=\n
doc266	1	1	senator	1	7	1	1	senator	senator	NOUN	NN	Number=Sing	0	root	NA	SpacesAfter=\n
doc267	1	1	republican	1	10	1	1	republican	republican	ADJ	JJ	Degree=Pos	0	root	NA	SpacesAfter=\n
doc268	1	1	regulations	1	11	1	1	regulations	regulation	NOUN	NNS	Number=Plur	0	root	NA	SpacesAfter=\n
doc269	1	1	reggie	1	6	1	1	reggie	reggie	NOUN	NN	Number=Sing	0	root	NA	SpacesAfter=\n
doc270	1	1	rape	1	4	1	1	rape	rape	NOUN	NN	Number=Sing	0	root	NA	SpacesAfter=\n
doc271	1	1	pricing	1	7	1	1	pricing	pricing	NOUN	NN	Number=Sing	0	root	NA	SpacesAfter=\n
doc272	1	1	press	1	5	1	1	press	press	NOUN	NN	Number=Sing	0	root	NA	SpacesAfter=\n
doc273	1	1	people	1	6	1	1	people	people	NOUN	NNS	Number=Plur	0	root	NA	SpacesAfter=\n
doc274	1	1	partisanship	1	12	1	1	partisanship	partisanship	NOUN	NN	Number=Sing	0	root	NA	SpacesAfter=\n
doc275	1	1	parasite	1	8	1	1	parasite	parasite	NOUN	NN	Number=Sing	0	root	NA	SpacesAfter=\n
doc276	1	1	oil	1	3	1	1	oil	oil	NOUN	NN	Number=Sing	0	root	NA	SpacesAfter=\n
doc277	1	1	mr	1	2	1	1	mr	mr	NOUN	NN	Number=Sing	0	root	NA	SpacesAfter=\n
doc278	1	1	moon	1	4	1	1	moon	moon	NOUN	NN	Number=Sing	0	root	NA	SpacesAfter=\n
doc279	1	1	money	1	5	1	1	money	money	NOUN	NN	Number=Sing	0	root	NA	SpacesAfter=\n
doc280	1	1	malpractice	1	11	1	1	malpractice	malpractice	NOUN	NN	Number=Sing	0	root	NA	SpacesAfter=\n
doc281	1	1	life	1	4	1	1	life	life	NOUN	NN	Number=Sing	0	root	NA	SpacesAfter=\n
doc282	1	1	legislation	1	11	1	1	legislation	legislation	NOUN	NN	Number=Sing	0	root	NA	SpacesAfter=\n
doc283	1	1	lapses	1	6	1	1	lapses	lapse	NOUN	NNS	Number=Plur	0	root	NA	SpacesAfter=\n
doc284	1	1	kisses	1	6	1	1	kisses	kiss	NOUN	NNS	Number=Plur	0	root	NA	SpacesAfter=\n
doc285	1	1	kids	1	4	1	1	kids	kid	NOUN	NNS	Number=Plur	0	root	NA	SpacesAfter=\n
doc286	1	1	joblessness	1	11	1	1	joblessness	joblessness	NOUN	NN	Number=Sing	0	root	NA	SpacesAfter=\n
doc287	1	1	injustices	1	10	1	1	injustices	injustice	NOUN	NNS	Number=Plur	0	root	NA	SpacesAfter=\n
doc288	1	1	havingto	1	8	1	1	havingto	havingtoo	NOUN	NN	Number=Sing	0	root	NA	SpacesAfter=\n
doc289	1	1	gridlock	1	8	1	1	gridlock	gridlock	NOUN	NN	Number=Sing	0	root	NA	SpacesAfter=\n
doc290	1	1	earnings	1	8	1	1	earnings	earning	NOUN	NNS	Number=Plur	0	root	NA	SpacesAfter=\n
doc291	1	1	gmos	1	4	1	1	gmos	gmo	NOUN	NNS	Number=Plur	0	root	NA	SpacesAfter=\n
doc292	1	1	gays	1	4	1	1	gays	gay	NOUN	NNS	Number=Plur	0	root	NA	SpacesAfter=\n
doc293	1	1	gas	1	3	1	1	gas	gas	NOUN	NN	Number=Sing	0	root	NA	SpacesAfter=\n
doc294	1	1	forgetfulness	1	13	1	1	forgetfulness	forgetfulness	NOUN	NN	Number=Sing	0	root	NA	SpacesAfter=\n
doc295	1	1	flood	1	5	1	1	flood	flood	NOUN	NN	Number=Sing	0	root	NA	SpacesAfter=\n
doc296	1	1	feeling	1	7	1	1	feeling	feel	NOUN	NN	Number=Sing	0	root	NA	SpacesAfter=\n
doc297	1	1	delays	1	6	1	1	delays	delay	INTJ	UH	NA	0	root	NA	SpacesAfter=\n
doc298	1	1	decode	1	6	1	1	decode	decode	NOUN	NN	Number=Sing	0	root	NA	SpacesAfter=\n
doc299	1	1	decisions	1	9	1	1	decisions	decision	NOUN	NNS	Number=Plur	0	root	NA	SpacesAfter=\n
doc300	1	1	deal	1	4	1	1	deal	deal	NOUN	NN	Number=Sing	0	root	NA	SpacesAfter=\n
doc301	1	1	damage	1	6	1	1	damage	damage	NOUN	NN	Number=Sing	0	root	NA	SpacesAfter=\n
doc302	1	1	daddy	1	5	1	1	daddy	daddy	NOUN	NN	Number=Sing	0	root	NA	SpacesAfter=\n
doc303	1	1	criticism	1	9	1	1	criticism	criticism	NOUN	NN	Number=Sing	0	root	NA	SpacesAfter=\n
doc304	1	1	crime	1	5	1	1	crime	crime	NOUN	NN	Number=Sing	0	root	NA	SpacesAfter=\n
doc305	1	1	cowardice	1	9	1	1	cowardice	cowardice	NOUN	NN	Number=Sing	0	root	NA	SpacesAfter=\n
doc306	1	1	corruption	1	10	1	1	corruption	corruption	NOUN	NN	Number=Sing	0	root	NA	SpacesAfter=\n
doc307	1	1	congressman	1	11	1	1	congressman	congressman	NOUN	NN	Number=Sing	0	root	NA	SpacesAfter=\n
doc308	1	1	congress	1	8	1	1	congress	congress	NOUN	NN	Number=Sing	0	root	NA	SpacesAfter=\n
doc309	1	1	conditions	1	10	1	1	conditions	condition	NOUN	NNS	Number=Plur	0	root	NA	SpacesAfter=\n
doc310	1	1	class	1	5	1	1	class	class	NOUN	NN	Number=Sing	0	root	NA	SpacesAfter=\n
doc311	1	1	changes	1	7	1	1	changes	change	NOUN	NNS	Number=Plur	0	root	NA	SpacesAfter=\n
doc312	1	1	captain	1	7	1	1	captain	captain	VERB	VB	VerbForm=Inf	0	root	NA	SpacesAfter=\n
doc313	1	1	capitalism	1	10	1	1	capitalism	capitalism	NOUN	NN	Number=Sing	0	root	NA	SpacesAfter=\n
doc314	1	1	budget	1	6	1	1	budget	budget	NOUN	NN	Number=Sing	0	root	NA	SpacesAfter=\n
doc315	1	1	bris	1	4	1	1	bris	bris	NOUN	NNS	Number=Plur	0	root	NA	SpacesAfter=\n
doc316	1	1	blacks	1	6	1	1	blacks	black	NOUN	NNS	Number=Plur	0	root	NA	SpacesAfter=\n
doc317	1	1	bailouts	1	8	1	1	bailouts	bailout	NOUN	NNS	Number=Plur	0	root	NA	SpacesAfter=\n
doc318	1	1	attacks	1	7	1	1	attacks	attack	NOUN	NNS	Number=Plur	0	root	NA	SpacesAfter=\n
doc319	1	1	apple	1	5	1	1	apple	apple	NOUN	NN	Number=Sing	0	root	NA	SpacesAfter=\n
doc320	1	1	ads	1	3	1	1	ads	ads	NOUN	NNS	Number=Plur	0	root	NA	SpacesAfter=\n
doc321	1	1	abortion	1	8	1	1	abortion	abortion	NOUN	NN	Number=Sing	0	root	NA	SpacesAfter=\n
doc322	1	1	people	1	6	1	1	people	people	NOUN	NNS	Number=Plur	0	root	NA	SpacesAfter=\n
doc323	1	1	times	1	5	1	1	times	time	NOUN	NNS	Number=Plur	0	root	NA	SpacesAfter=\n
doc324	1	1	president	1	9	1	1	president	president	PROPN	NNP	Number=Sing	0	root	NA	SpacesAfter=\n
doc325	1	1	women	1	5	1	1	women	woman	NOUN	NNS	Number=Plur	0	root	NA	SpacesAfter=\n
doc326	1	1	me	1	2	1	1	me	I	PRON	PRP	Case=Acc|Number=Sing|Person=1|PronType=Prs	0	root	NA	SpacesAfter=\n
doc327	1	1	life	1	4	1	1	life	life	NOUN	NN	Number=Sing	0	root	NA	SpacesAfter=\n
doc328	1	1	dad	1	3	1	1	dad	dad	NOUN	NN	Number=Sing	0	root	NA	SpacesAfter=\n
doc329	1	1	government	1	10	1	1	government	government	NOUN	NN	Number=Sing	0	root	NA	SpacesAfter=\n
doc330	1	1	god	1	3	1	1	god	god	PROPN	NNP	Number=Sing	0	root	NA	SpacesAfter=\n
doc331	1	1	dr	1	2	1	1	dr	dr	NOUN	NN	Number=Sing	0	root	NA	SpacesAfter=\n
doc332	1	1	injustice	1	9	1	1	injustice	injustice	NOUN	NN	Number=Sing	0	root	NA	SpacesAfter=\n
doc333	1	1	mr	1	2	1	1	mr	mr	NOUN	NN	Number=Sing	0	root	NA	SpacesAfter=\n
doc334	1	1	men	1	3	1	1	men	men	NOUN	NNS	Number=Plur	0	root	NA	SpacesAfter=\n
doc335	1	1	governor	1	8	1	1	governor	governor	NOUN	NN	Number=Sing	0	root	NA	SpacesAfter=\n
doc336	1	1	democrats	1	9	1	1	democrats	democrat	NOUN	NNS	Number=Plur	0	root	NA	SpacesAfter=\n
doc337	1	1	home	1	4	1	1	home	home	ADV	RB	NA	0	root	NA	SpacesAfter=\n
doc338	1	1	congress	1	8	1	1	congress	congress	NOUN	NN	Number=Sing	0	root	NA	SpacesAfter=\n
doc339	1	1	police	1	6	1	1	police	police	NOUN	NN	Number=Sing	0	root	NA	SpacesAfter=\n
doc340	1	1	religion	1	8	1	1	religion	religion	NOUN	NN	Number=Sing	0	root	NA	SpacesAfter=\n
doc341	1	1	senator	1	7	1	1	senator	senator	NOUN	NN	Number=Sing	0	root	NA	SpacesAfter=\n
doc342	1	1	so-and-so	1	2	1	1	so	so	ADV	RB	NA	0	root	NA	SpaceAfter=No
doc342	1	1	so-and-so	3	3	2	2	-	-	PUNCT	,	NA	1	punct	NA	SpaceAfter=No
doc342	1	1	so-and-so	4	6	3	3	and	and	CCONJ	CC	NA	5	cc	NA	SpaceAfter=No
doc342	1	1	so-and-so	7	7	4	4	-	-	PUNCT	HYPH	NA	5	punct	NA	SpaceAfter=No
doc342	1	1	so-and-so	8	9	5	5	so	so	ADV	RB	NA	1	conj	NA	SpacesAfter=\n
doc343	1	1	society	1	7	1	1	society	society	NOUN	NN	Number=Sing	0	root	NA	SpacesAfter=\n
doc344	1	1	things	1	6	1	1	things	thing	NOUN	NNS	Number=Plur	0	root	NA	SpacesAfter=\n
doc345	1	1	trump	1	5	1	1	trump	trump	NOUN	NN	Number=Sing	0	root	NA	SpacesAfter=\n
doc346	1	1	us	1	2	1	1	us	we	PRON	PRP	Case=Acc|Number=Plur|Person=1|PronType=Prs	0	root	NA	SpacesAfter=\n
doc347	1	1	authority	1	9	1	1	authority	authority	NOUN	NN	Number=Sing	0	root	NA	SpacesAfter=\n
doc348	1	1	children	1	8	1	1	children	child	NOUN	NNS	Number=Plur	0	root	NA	SpacesAfter=\n
doc349	1	1	city	1	4	1	1	city	city	NOUN	NN	Number=Sing	0	root	NA	SpacesAfter=\n
doc350	1	1	companies	1	9	1	1	companies	company	NOUN	NNS	Number=Plur	0	root	NA	SpacesAfter=\n
doc351	1	1	corruption	1	10	1	1	corruption	corruption	NOUN	NN	Number=Sing	0	root	NA	SpacesAfter=\n
doc352	1	1	immigrants	1	10	1	1	immigrants	immigrant	NOUN	NNS	Number=Plur	0	root	NA	SpacesAfter=\n
doc353	1	1	mayor	1	5	1	1	mayor	mayor	NOUN	NN	Number=Sing	0	root	NA	SpacesAfter=\n
doc354	1	1	homosexuals	1	11	1	1	homosexuals	homosexual	NOUN	NNS	Number=Plur	0	root	NA	SpacesAfter=\n
doc355	1	1	daddy	1	5	1	1	daddy	daddy	NOUN	NN	Number=Sing	0	root	NA	SpacesAfter=\n
doc356	1	1	mother	1	6	1	1	mother	mother	NOUN	NN	Number=Sing	0	root	NA	SpacesAfter=\n
doc357	1	1	music	1	5	1	1	music	music	NOUN	NN	Number=Sing	0	root	NA	SpacesAfter=\n
doc358	1	1	parents	1	7	1	1	parents	parent	NOUN	NNS	Number=Plur	0	root	NA	SpacesAfter=\n
doc359	1	1	politicians	1	11	1	1	politicians	politician	NOUN	NNS	Number=Plur	0	root	NA	SpacesAfter=\n
doc360	1	1	questions	1	9	1	1	questions	question	NOUN	NNS	Number=Plur	0	root	NA	SpacesAfter=\n
doc361	1	1	racism	1	6	1	1	racism	racism	NOUN	NN	Number=Sing	0	root	NA	SpacesAfter=\n
doc362	1	1	reporters	1	9	1	1	reporters	reporter	NOUN	NNS	Number=Plur	0	root	NA	SpacesAfter=\n
doc363	1	1	reports	1	7	1	1	reports	report	NOUN	NNS	Number=Plur	0	root	NA	SpacesAfter=\n
doc364	1	1	sessions	1	8	1	1	sessions	session	NOUN	NNS	Number=Plur	0	root	NA	SpacesAfter=\n
doc365	1	1	uncle	1	5	1	1	uncle	uncle	NOUN	NN	Number=Sing	0	root	NA	SpacesAfter=\n
doc366	1	1	work	1	4	1	1	work	work	NOUN	NN	Number=Sing	0	root	NA	SpacesAfter=\n
doc367	1	1	mobs	1	4	1	1	mobs	mob	NOUN	NNS	Number=Plur	0	root	NA	SpacesAfter=\n
doc368	1	1	minorities	1	10	1	1	minorities	minority	NOUN	NNS	Number=Plur	0	root	NA	SpacesAfter=\n
doc369	1	1	mexicans	1	8	1	1	mexicans	mexicans	NOUN	NNS	Number=Plur	0	root	NA	SpacesAfter=\n
doc370	1	1	members	1	7	1	1	members	members	NOUN	NNS	Number=Plur	0	root	NA	SpacesAfter=\n
doc371	1	1	inequities	1	10	1	1	inequities	inequity	NOUN	NNS	Number=Plur	0	root	NA	SpacesAfter=\n
doc372	1	1	incumbents	1	10	1	1	incumbents	incumbent	NOUN	NNS	Number=Plur	0	root	NA	SpacesAfter=\n
doc373	1	1	management	1	10	1	1	management	management	NOUN	NN	Number=Sing	0	root	NA	SpacesAfter=\n
doc374	1	1	man	1	3	1	1	man	man	NOUN	NN	Number=Sing	0	root	NA	SpacesAfter=\n
doc375	1	1	mama	1	4	1	1	mama	mama	NOUN	NN	Number=Sing	0	root	NA	SpacesAfter=\n
doc376	1	1	mainlanders	1	11	1	1	mainlanders	mainlander	NOUN	NNS	Number=Plur	0	root	NA	SpacesAfter=\n
doc377	1	1	mafia	1	5	1	1	mafia	mafia	NOUN	NN	Number=Sing	0	root	NA	SpacesAfter=\n
doc378	1	1	ma	1	2	1	1	ma	ma	NOUN	NN	Number=Sing	0	root	NA	SpacesAfter=\n
doc379	1	1	lib	1	3	1	1	lib	lib	NOUN	NN	Number=Sing	0	root	NA	SpacesAfter=\n
doc380	1	1	lefty	1	5	1	1	lefty	lefty	NOUN	NN	Number=Sing	0	root	NA	SpacesAfter=\n
doc381	1	1	leadership	1	10	1	1	leadership	leadership	NOUN	NN	Number=Sing	0	root	NA	SpacesAfter=\n
doc382	1	1	kids	1	4	1	1	kids	kid	NOUN	NNS	Number=Plur	0	root	NA	SpacesAfter=\n
doc383	1	1	katniss	1	7	1	1	katniss	katniss	NOUN	NN	Number=Sing	0	root	NA	SpacesAfter=\n
doc384	1	1	job	1	3	1	1	job	job	NOUN	NN	Number=Sing	0	root	NA	SpacesAfter=\n
doc385	1	1	interviews	1	10	1	1	interviews	interview	NOUN	NNS	Number=Plur	0	root	NA	SpacesAfter=\n
doc386	1	1	husbands	1	8	1	1	husbands	husband	NOUN	NNS	Number=Plur	0	root	NA	SpacesAfter=\n
doc387	1	1	husband	1	7	1	1	husband	husband	NOUN	NN	Number=Sing	0	root	NA	SpacesAfter=\n
doc388	1	1	house	1	5	1	1	house	house	NOUN	NN	Number=Sing	0	root	NA	SpacesAfter=\n
doc389	1	1	gov	1	3	1	1	gov	gov	X	ADD	NA	0	root	NA	SpacesAfter=\n
doc390	1	1	cops	1	4	1	1	cops	cop	NOUN	NNS	Number=Plur	0	root	NA	SpacesAfter=\n
doc391	1	1	conservatives	1	13	1	1	conservatives	conservative	NOUN	NNS	Number=Plur	0	root	NA	SpacesAfter=\n
doc392	1	1	holly	1	5	1	1	holly	holly	ADV	RB	NA	0	root	NA	SpacesAfter=\n
doc393	1	1	historicism	1	11	1	1	historicism	historicism	NOUN	NN	Number=Sing	0	root	NA	SpacesAfter=\n
doc394	1	1	herr	1	4	1	1	herr	herr	NOUN	NN	Number=Sing	0	root	NA	SpacesAfter=\n
doc395	1	1	heart	1	5	1	1	heart	heart	NOUN	NN	Number=Sing	0	root	NA	SpacesAfter=\n
doc396	1	1	handkerchiefs	1	13	1	1	handkerchiefs	handkerchief	NOUN	NNS	Number=Plur	0	root	NA	SpacesAfter=\n
doc397	1	1	griese	1	6	1	1	griese	griese	NOUN	NN	Number=Sing	0	root	NA	SpacesAfter=\n
doc398	1	1	grandmother	1	11	1	1	grandmother	grandmother	NOUN	NN	Number=Sing	0	root	NA	SpacesAfter=\n
doc399	1	1	grace.i	1	7	1	1	grace.i	grace.i	INTJ	UH	NA	0	root	NA	SpacesAfter=\n
doc400	1	1	globalization	1	13	1	1	globalization	globalization	NOUN	NN	Number=Sing	0	root	NA	SpacesAfter=\n
doc401	1	1	game	1	4	1	1	game	game	NOUN	NN	Number=Sing	0	root	NA	SpacesAfter=\n
doc402	1	1	frasier	1	7	1	1	frasier	frasier	ADJ	JJR	Degree=Cmp	0	root	NA	SpacesAfter=\n
doc403	1	1	feeling	1	7	1	1	feeling	feel	NOUN	NN	Number=Sing	0	root	NA	SpacesAfter=\n
doc404	1	1	father	1	6	1	1	father	father	NOUN	NN	Number=Sing	0	root	NA	SpacesAfter=\n
doc405	1	1	fate	1	4	1	1	fate	fate	NOUN	NN	Number=Sing	0	root	NA	SpacesAfter=\n
doc406	1	1	facebook	1	8	1	1	facebook	facebook	NOUN	NN	Number=Sing	0	root	NA	SpacesAfter=\n
doc407	1	1	excellence	1	10	1	1	excellence	excellence	NOUN	NN	Number=Sing	0	root	NA	SpacesAfter=\n
doc408	1	1	ex-spouses	1	10	1	1	ex-spouses	ex-spouse	NOUN	NNS	Number=Plur	0	root	NA	SpacesAfter=\n
doc409	1	1	evil	1	4	1	1	evil	evil	NOUN	NN	Number=Sing	0	root	NA	SpacesAfter=\n
doc410	1	1	environmentalists	1	17	1	1	environmentalists	environmentalist	NOUN	NNS	Number=Plur	0	root	NA	SpacesAfter=\n
doc411	1	1	dogs	1	4	1	1	dogs	dog	NOUN	NNS	Number=Plur	0	root	NA	SpacesAfter=\n
doc412	1	1	doctors	1	7	1	1	doctors	doctor	NOUN	NNS	Number=Plur	0	root	NA	SpacesAfter=\n
doc413	1	1	dj	1	2	1	1	dj	dj	PROPN	NNP	Number=Sing	0	root	NA	SpacesAfter=\n
doc414	1	1	decades	1	7	1	1	decades	decade	NOUN	NNS	Number=Plur	0	root	NA	SpacesAfter=\n
doc415	1	1	death	1	5	1	1	death	death	NOUN	NN	Number=Sing	0	root	NA	SpacesAfter=\n
doc416	1	1	deadbeats	1	9	1	1	deadbeats	deadbeat	NOUN	NNS	Number=Plur	0	root	NA	SpacesAfter=\n
doc417	1	1	dany	1	4	1	1	dany	dany	NOUN	NN	Number=Sing	0	root	NA	SpacesAfter=\n
doc418	1	1	cyclists	1	8	1	1	cyclists	cyclist	NOUN	NNS	Number=Plur	0	root	NA	SpacesAfter=\n
doc419	1	1	customers	1	9	1	1	customers	customer	NOUN	NNS	Number=Plur	0	root	NA	SpacesAfter=\n
doc420	1	1	criticism	1	9	1	1	criticism	criticism	NOUN	NN	Number=Sing	0	root	NA	SpacesAfter=\n
doc421	1	1	conferences	1	11	1	1	conferences	conference	NOUN	NNS	Number=Plur	0	root	NA	SpacesAfter=\n
doc422	1	1	things	1	6	1	1	things	thing	NOUN	NNS	Number=Plur	0	root	NA	SpacesAfter=\n
doc423	1	1	president	1	9	1	1	president	president	PROPN	NNP	Number=Sing	0	root	NA	SpacesAfter=\n
doc424	1	1	war-criminals	1	13	1	1	war-criminals	war-criminal	NOUN	NNS	Number=Plur	0	root	NA	SpacesAfter=\n
doc425	1	1	mr	1	2	1	1	mr	mr	NOUN	NN	Number=Sing	0	root	NA	SpacesAfter=\n
doc426	1	1	years	1	5	1	1	years	year	NOUN	NNS	Number=Plur	0	root	NA	SpacesAfter=\n
doc427	1	1	welfare	1	7	1	1	welfare	welfare	NOUN	NN	Number=Sing	0	root	NA	SpacesAfter=\n
doc428	1	1	towels	1	6	1	1	towels	towel	NOUN	NNS	Number=Plur	0	root	NA	SpacesAfter=\n
doc429	1	1	tb	1	2	1	1	tb	tb	NOUN	NN	Number=Sing	0	root	NA	SpacesAfter=\n
doc430	1	1	price	1	5	1	1	price	price	NOUN	NN	Number=Sing	0	root	NA	SpacesAfter=\n
doc431	1	1	pop	1	3	1	1	pop	pop	NOUN	NN	Number=Sing	0	root	NA	SpacesAfter=\n
doc432	1	1	plans	1	5	1	1	plans	plan	NOUN	NNS	Number=Plur	0	root	NA	SpacesAfter=\n
doc433	1	1	parks	1	5	1	1	parks	parks	NOUN	NNS	Number=Plur	0	root	NA	SpacesAfter=\n
doc434	1	1	oil	1	3	1	1	oil	oil	NOUN	NN	Number=Sing	0	root	NA	SpacesAfter=\n
doc435	1	1	lack	1	4	1	1	lack	lack	NOUN	NN	Number=Sing	0	root	NA	SpacesAfter=\n
doc436	1	1	food	1	4	1	1	food	food	NOUN	NN	Number=Sing	0	root	NA	SpacesAfter=\n
doc437	1	1	education	1	9	1	1	education	education	NOUN	NN	Number=Sing	0	root	NA	SpacesAfter=\n
doc438	1	1	decision	1	8	1	1	decision	decision	NOUN	NN	Number=Sing	0	root	NA	SpacesAfter=\n
doc439	1	1	daughter	1	8	1	1	daughter	daughter	NOUN	NN	Number=Sing	0	root	NA	SpacesAfter=\n
doc440	1	1	construction	1	12	1	1	construction	construction	NOUN	NN	Number=Sing	0	root	NA	SpacesAfter=\n
doc441	1	1	conditions	1	10	1	1	conditions	condition	NOUN	NNS	Number=Plur	0	root	NA	SpacesAfter=\n
doc442	1	1	city	1	4	1	1	city	city	NOUN	NN	Number=Sing	0	root	NA	SpacesAfter=\n
doc443	1	1	childhood	1	9	1	1	childhood	childhood	NOUN	NN	Number=Sing	0	root	NA	SpacesAfter=\n
doc444	1	1	careers	1	7	1	1	careers	career	NOUN	NNS	Number=Plur	0	root	NA	SpacesAfter=\n
doc445	1	1	people	1	6	1	1	people	people	NOUN	NNS	Number=Plur	0	root	NA	SpacesAfter=\n
doc446	1	1	me	1	2	1	1	me	I	PRON	PRP	Case=Acc|Number=Sing|Person=1|PronType=Prs	0	root	NA	SpacesAfter=\n
doc447	1	1	president	1	9	1	1	president	president	PROPN	NNP	Number=Sing	0	root	NA	SpacesAfter=\n
doc448	1	1	rage	1	4	1	1	rage	rage	NOUN	NN	Number=Sing	0	root	NA	SpacesAfter=\n
doc449	1	1	school	1	6	1	1	school	school	NOUN	NN	Number=Sing	0	root	NA	SpacesAfter=\n
doc450	1	1	women	1	5	1	1	women	woman	NOUN	NNS	Number=Plur	0	root	NA	SpacesAfter=\n
doc451	1	1	banks	1	5	1	1	banks	bannks	NOUN	NNS	Number=Plur	0	root	NA	SpacesAfter=\n
doc452	1	1	changes	1	7	1	1	changes	change	NOUN	NNS	Number=Plur	0	root	NA	SpacesAfter=\n
doc453	1	1	cal	1	3	1	1	cal	cal	ADJ	JJ	Degree=Pos	0	root	NA	SpacesAfter=\n
doc454	1	1	democrats	1	9	1	1	democrats	democrat	NOUN	NNS	Number=Plur	0	root	NA	SpacesAfter=\n
doc455	1	1	daddy	1	5	1	1	daddy	daddy	NOUN	NN	Number=Sing	0	root	NA	SpacesAfter=\n
doc456	1	1	life	1	4	1	1	life	life	NOUN	NN	Number=Sing	0	root	NA	SpacesAfter=\n
doc457	1	1	mrs	1	3	1	1	mrs	mr	NOUN	NNS	Number=Plur	0	root	NA	SpacesAfter=\n
doc458	1	1	child	1	5	1	1	child	child	NOUN	NN	Number=Sing	0	root	NA	SpacesAfter=\n
doc459	1	1	politics	1	8	1	1	politics	politics	NOUN	NNS	Number=Plur	0	root	NA	SpacesAfter=\n
doc460	1	1	society	1	7	1	1	society	society	NOUN	NN	Number=Sing	0	root	NA	SpacesAfter=\n
doc461	1	1	power	1	5	1	1	power	power	NOUN	NN	Number=Sing	0	root	NA	SpacesAfter=\n
doc462	1	1	polling	1	7	1	1	polling	poll	NOUN	NN	Number=Sing	0	root	NA	SpacesAfter=\n
doc463	1	1	sleep	1	5	1	1	sleep	sleep	NOUN	NN	Number=Sing	0	root	NA	SpacesAfter=\n
doc464	1	1	sinners	1	7	1	1	sinners	sinner	NOUN	NNS	Number=Plur	0	root	NA	SpacesAfter=\n
doc465	1	1	sin	1	3	1	1	sin	sin	NOUN	NN	Number=Sing	0	root	NA	SpacesAfter=\n
doc466	1	1	senator	1	7	1	1	senator	senator	NOUN	NN	Number=Sing	0	root	NA	SpacesAfter=\n
doc467	1	1	wolf	1	4	1	1	wolf	wolf	NOUN	NN	Number=Sing	0	root	NA	SpacesAfter=\n
doc468	1	1	whites	1	6	1	1	whites	whites	NOUN	NNS	Number=Plur	0	root	NA	SpacesAfter=\n
doc469	1	1	utility	1	7	1	1	utility	utility	NOUN	NN	Number=Sing	0	root	NA	SpacesAfter=\n
doc470	1	1	us	1	2	1	1	us	we	PRON	PRP	Case=Acc|Number=Plur|Person=1|PronType=Prs	0	root	NA	SpacesAfter=\n
doc471	1	1	uncle	1	5	1	1	uncle	uncle	NOUN	NN	Number=Sing	0	root	NA	SpacesAfter=\n
doc472	1	1	twitter	1	7	1	1	twitter	twitter	NOUN	NN	Number=Sing	0	root	NA	SpacesAfter=\n
doc473	1	1	trump	1	5	1	1	trump	trump	NOUN	NN	Number=Sing	0	root	NA	SpacesAfter=\n
doc474	1	1	tite	1	4	1	1	tite	tite	NOUN	NN	Number=Sing	0	root	NA	SpacesAfter=\n
doc475	1	1	time	1	4	1	1	time	time	NOUN	NN	Number=Sing	0	root	NA	SpacesAfter=\n
doc476	1	1	taylor	1	6	1	1	taylor	taylor	NOUN	NN	Number=Sing	0	root	NA	SpacesAfter=\n
doc477	1	1	tag	1	3	1	1	tag	tag	NOUN	NN	Number=Sing	0	root	NA	SpacesAfter=\n
doc478	1	1	sutters	1	7	1	1	sutters	sutter	NOUN	NNS	Number=Plur	0	root	NA	SpacesAfter=\n
doc479	1	1	students	1	8	1	1	students	student	NOUN	NNS	Number=Plur	0	root	NA	SpacesAfter=\n
doc480	1	1	speaker	1	7	1	1	speaker	speaker	NOUN	NN	Number=Sing	0	root	NA	SpacesAfter=\n
doc481	1	1	salou	1	5	1	1	salou	salou	NOUN	NN	Number=Sing	0	root	NA	SpacesAfter=\n
doc482	1	1	rock	1	4	1	1	rock	rock	NOUN	NN	Number=Sing	0	root	NA	SpacesAfter=\n
doc483	1	1	robertson	1	9	1	1	robertson	robertson	NOUN	NN	Number=Sing	0	root	NA	SpacesAfter=\n
doc484	1	1	republicans	1	11	1	1	republicans	republican	NOUN	NNS	Number=Plur	0	root	NA	SpacesAfter=\n
doc485	1	1	relief	1	6	1	1	relief	relief	NOUN	NN	Number=Sing	0	root	NA	SpacesAfter=\n
doc486	1	1	recognition	1	11	1	1	recognition	recognition	NOUN	NN	Number=Sing	0	root	NA	SpacesAfter=\n
doc487	1	1	psychologists	1	13	1	1	psychologists	psychologist	NOUN	NNS	Number=Plur	0	root	NA	SpacesAfter=\n
doc488	1	1	psyche	1	6	1	1	psyche	psyche	NOUN	NN	Number=Sing	0	root	NA	SpacesAfter=\n
doc489	1	1	prosecutors	1	11	1	1	prosecutors	prosecutor	NOUN	NNS	Number=Plur	0	root	NA	SpacesAfter=\n
doc490	1	1	prosecutor	1	10	1	1	prosecutor	prosecutor	NOUN	NN	Number=Sing	0	root	NA	SpacesAfter=\n
doc491	1	1	price	1	5	1	1	price	price	NOUN	NN	Number=Sing	0	root	NA	SpacesAfter=\n
doc492	1	1	politicians	1	11	1	1	politicians	politician	NOUN	NNS	Number=Plur	0	root	NA	SpacesAfter=\n
doc493	1	1	pimples	1	7	1	1	pimples	pimple	NOUN	NNS	Number=Plur	0	root	NA	SpacesAfter=\n
doc494	1	1	chief	1	5	1	1	chief	chief	NOUN	NN	Number=Sing	0	root	NA	SpacesAfter=\n
doc495	1	1	parents	1	7	1	1	parents	parent	NOUN	NNS	Number=Plur	0	root	NA	SpacesAfter=\n
doc496	1	1	oppressors	1	10	1	1	oppressors	oppressor	NOUN	NNS	Number=Plur	0	root	NA	SpacesAfter=\n
doc497	1	1	norden	1	6	1	1	norden	norden	ADV	RB	NA	0	root	NA	SpacesAfter=\n
doc498	1	1	muslims	1	7	1	1	muslims	muslim	NOUN	NNS	Number=Plur	0	root	NA	SpacesAfter=\n
doc499	1	1	music	1	5	1	1	music	music	NOUN	NN	Number=Sing	0	root	NA	SpacesAfter=\n
doc500	1	1	mr	1	2	1	1	mr	mr	NOUN	NN	Number=Sing	0	root	NA	SpacesAfter=\n
doc501	1	1	momma	1	5	1	1	momma	momma	NOUN	NN	Number=Sing	0	root	NA	SpacesAfter=\n
doc502	1	1	miss	1	4	1	1	miss	miss	NOUN	NN	Number=Sing	0	root	NA	SpacesAfter=\n
doc503	1	1	manager	1	7	1	1	manager	manager	NOUN	NN	Number=Sing	0	root	NA	SpacesAfter=\n
doc504	1	1	man	1	3	1	1	man	man	NOUN	NN	Number=Sing	0	root	NA	SpacesAfter=\n
doc505	1	1	lust	1	4	1	1	lust	lust	ADJ	JJS	Degree=Sup	0	root	NA	SpacesAfter=\n
doc506	1	1	law	1	3	1	1	law	law	NOUN	NN	Number=Sing	0	root	NA	SpacesAfter=\n
doc507	1	1	labor	1	5	1	1	labor	labor	NOUN	NN	Number=Sing	0	root	NA	SpacesAfter=\n
doc508	1	1	kit	1	3	1	1	kit	kit	NOUN	NN	Number=Sing	0	root	NA	SpacesAfter=\n
doc509	1	1	king	1	4	1	1	king	king	NOUN	NN	Number=Sing	0	root	NA	SpacesAfter=\n
doc510	1	1	job	1	3	1	1	job	job	NOUN	NN	Number=Sing	0	root	NA	SpacesAfter=\n
doc511	1	1	internet	1	8	1	1	internet	internet	NOUN	NN	Number=Sing	0	root	NA	SpacesAfter=\n
doc512	1	1	honig	1	5	1	1	honig	honig	X	ADD	NA	0	root	NA	SpacesAfter=\n
doc513	1	1	home	1	4	1	1	home	home	ADV	RB	NA	0	root	NA	SpacesAfter=\n
doc514	1	1	him	1	3	1	1	him	he	PRON	PRP	Case=Acc|Gender=Masc|Number=Sing|Person=3|PronType=Prs	0	root	NA	SpacesAfter=\n
doc515	1	1	heat	1	4	1	1	heat	heat	NOUN	NN	Number=Sing	0	root	NA	SpacesAfter=\n
doc516	1	1	hate	1	4	1	1	hate	hate	NOUN	NN	Number=Sing	0	root	NA	SpacesAfter=\n
doc517	1	1	governor	1	8	1	1	governor	governor	NOUN	NN	Number=Sing	0	root	NA	SpacesAfter=\n
doc518	1	1	government	1	10	1	1	government	government	NOUN	NN	Number=Sing	0	root	NA	SpacesAfter=\n
doc519	1	1	gourry	1	6	1	1	gourry	gourry	INTJ	UH	NA	0	root	NA	SpacesAfter=\n
doc520	1	1	god	1	3	1	1	god	god	PROPN	NNP	Number=Sing	0	root	NA	SpacesAfter=\n
doc521	1	1	giants	1	6	1	1	giants	giant	NOUN	NNS	Number=Plur	0	root	NA	SpacesAfter=\n
doc522	1	1	gala	1	4	1	1	gala	gala	NOUN	NN	Number=Sing	0	root	NA	SpacesAfter=\n
doc523	1	1	faith	1	5	1	1	faith	faith	NOUN	NN	Number=Sing	0	root	NA	SpacesAfter=\n
doc524	1	1	dr	1	2	1	1	dr	dr	NOUN	NN	Number=Sing	0	root	NA	SpacesAfter=\n
doc525	1	1	cultures	1	8	1	1	cultures	culture	NOUN	NNS	Number=Plur	0	root	NA	SpacesAfter=\n
doc526	1	1	crystal	1	7	1	1	crystal	crystal	ADJ	JJ	Degree=Pos	0	root	NA	SpacesAfter=\n
doc527	1	1	conservatives	1	13	1	1	conservatives	conservative	NOUN	NNS	Number=Plur	0	root	NA	SpacesAfter=\n
doc528	1	1	congressman	1	11	1	1	congressman	congressman	NOUN	NN	Number=Sing	0	root	NA	SpacesAfter=\n
doc529	1	1	congress	1	8	1	1	congress	congress	NOUN	NN	Number=Sing	0	root	NA	SpacesAfter=\n
doc530	1	1	concern	1	7	1	1	concern	concern	NOUN	NN	Number=Sing	0	root	NA	SpacesAfter=\n
doc531	1	1	blaze	1	5	1	1	blaze	blaze	NOUN	NN	Number=Sing	0	root	NA	SpacesAfter=\n
doc532	1	1	baseball	1	8	1	1	baseball	baseball	NOUN	NN	Number=Sing	0	root	NA	SpacesAfter=\n
doc533	1	1	bankers	1	7	1	1	bankers	banker	NOUN	NNS	Number=Plur	0	root	NA	SpacesAfter=\n
doc534	1	1	azita	1	5	1	1	azita	azita	NOUN	NN	Number=Sing	0	root	NA	SpacesAfter=\n
doc535	1	1	aunt	1	4	1	1	aunt	aunt	NOUN	NN	Number=Sing	0	root	NA	SpacesAfter=\n
doc536	1	1	adults	1	6	1	1	adults	adults	NOUN	NNS	Number=Plur	0	root	NA	SpacesAfter=\n
doc537	1	1	accolades	1	9	1	1	accolades	accolade	NOUN	NNS	Number=Plur	0	root	NA	SpacesAfter=\n
